<?xml version="1.0" encoding="UTF-8"?>
<project-private xmlns="http://www.netbeans.org/ns/project-private/1">
    <editor-bookmarks xmlns="http://www.netbeans.org/ns/editor-bookmarks/2" lastBookmarkId="0"/>
    <open-files xmlns="http://www.netbeans.org/ns/projectui-open-files/2">
        <group>
            <file>file:/C:/Users/keijo/OneDrive/Documentos/NetBeansProjects/AppJEstoque/src/conexao/Conexao.java</file>
            <file>file:/C:/Users/keijo/OneDrive/Documentos/NetBeansProjects/AppJEstoque/src/forms/TelaMedicos.java</file>
            <file>file:/C:/Users/keijo/OneDrive/Documentos/NetBeansProjects/AppJEstoque/src/beans/CadastroProfissional.java</file>
            <file>file:/C:/Users/keijo/OneDrive/Documentos/NetBeansProjects/AppJEstoque/src/dao/AvaliacaoDAO.java</file>
            <file>file:/C:/Users/keijo/OneDrive/Documentos/NetBeansProjects/AppJEstoque/src/appjestoque/SaudeNaVeia.java</file>
            <file>file:/C:/Users/keijo/OneDrive/Documentos/NetBeansProjects/AppJEstoque/src/dao/ConsultaDAO.java</file>
            <file>file:/C:/Users/keijo/OneDrive/Documentos/NetBeansProjects/AppJEstoque/src/forms/TelaCriadores.java</file>
            <file>file:/C:/Users/keijo/OneDrive/Documentos/NetBeansProjects/AppJEstoque/src/beans/Cadastro.java</file>
            <file>file:/C:/Users/keijo/OneDrive/Documentos/NetBeansProjects/AppJEstoque/src/dao/CadastroDAO.java</file>
            <file>file:/C:/Users/keijo/OneDrive/Documentos/NetBeansProjects/AppJEstoque/src/forms/TelaConsulta.java</file>
            <file>file:/C:/Users/keijo/OneDrive/Documentos/NetBeansProjects/AppJEstoque/src/forms/TelaLogin.java</file>
            <file>file:/C:/Users/keijo/OneDrive/Documentos/NetBeansProjects/AppJEstoque/src/beans/Consulta.java</file>
            <file>file:/C:/Users/keijo/OneDrive/Documentos/NetBeansProjects/AppJEstoque/src/forms/TelaCadastro.java</file>
            <file>file:/C:/Users/keijo/OneDrive/Documentos/NetBeansProjects/AppJEstoque/src/forms/TelaAvaliacao.java</file>
            <file>file:/C:/Users/keijo/OneDrive/Documentos/NetBeansProjects/AppJEstoque/src/dao/CadastroProfissionalDAO.java</file>
            <file>file:/C:/Users/keijo/OneDrive/Documentos/NetBeansProjects/AppJEstoque/src/beans/Avaliacao.java</file>
            <file>file:/C:/Users/keijo/OneDrive/Documentos/NetBeansProjects/AppJEstoque/src/forms/TelaCadastroProfissional.java</file>
            <file>file:/C:/Users/keijo/OneDrive/Documentos/NetBeansProjects/AppJEstoque/src/forms/TelaBotarHistorico.java</file>
            <file>file:/C:/Users/keijo/OneDrive/Documentos/NetBeansProjects/AppJEstoque/src/dao/HistoricoHospitalarDAO.java</file>
            <file>file:/C:/Users/keijo/OneDrive/Documentos/NetBeansProjects/AppJEstoque/src/beans/HistoricoHospitalar.java</file>
            <file>file:/C:/Users/keijo/OneDrive/Documentos/NetBeansProjects/AppJEstoque/src/forms/TelaPrincipal.java</file>
        </group>
    </open-files>
</project-private>
